"Category","Brand_Description","Price","Review_Count","Rating"
"Keychain"," Mini Keychain Calculator for Kids Pocket Calculator Key Ring Tiny Clear Flip Small Portable Calculator 8 Digit Electronic Cute Basic Calculator Keychain for Students School Office(24)  4.7 out of 5 stars 9  $25.99$25.99 FREE delivery Mon, Feb 12 on $35 of items shipped by Amazon","25","9","4.7 out of 5 stars"
"Keychain"," Green Laser Pointer, Long-Range high-Power Laser Pointer, Adjustable Mode, 2000 Meters Handheld Laser Pointer, Suitable for Camping, Hiking, Emergency, USB Charging  4.4 out of 5 stars 154  700+ bought in past month$9.99$9.99 List: $12.99$12.99 FREE delivery Sun, Feb 11 on $35 of items shipped by AmazonOr fastest delivery Fri, Feb 9 ","9","154","4.4 out of 5 stars"
"Keychain"," TOYANDONA 2pcs Mini Calculator Keychain Portable Cute Cartoon Calculator Electronic Pocket Calculator with Key Ring for Children Students School Supplies Key Decor (Pink)  4.7 out of 5 stars 15  $6.39$6.39 Typical: $9.69$9.698% coupon applied at checkoutSave 8%  with coupon  FREE delivery Tue, Feb 13 on $35 of items shipped by Amazon","6","15","4.7 out of 5 stars"
"Keychain"," NUOBESTY 3pcs Pocket Calculator Key Ring Tiny Small Portable Mini Electronic Calculator for Kids Home Students School (Random Color)  4.0 out of 5 stars 182  50+ bought in past month$10.69$10.69 FREE delivery Sun, Feb 11 on $35 of items shipped by AmazonOr fastest delivery Fri, Feb 9 ","10","182","4.0 out of 5 stars"
"Keychain"," Mini Calculator, Mini Portable Cute Cookies Style Key Chain Calculator Candy Color Pocket Calculator for Keyring Decoration()  3.8 out of 5 stars 9  $7.63$7.63 FREE delivery Mon, Feb 12 on $35 of items shipped by AmazonOnly 8 left in stock - order soon.","7","9","3.8 out of 5 stars"
"Keychain"," 8 Digits Pocket Mini Electronic Calculator Keychain Key Ring for Home School Office Supply Purple  5.0 out of 5 stars 1  $6.99$6.99 FREE delivery Wed, Feb 14 on $35 of items shipped by AmazonOnly 2 left in stock - order soon.","6","1","5.0 out of 5 stars"
"Keychain"," fosa Mini Portable Cute Cookies Style Key Chain Calculator for Kids Children Gift, Candy Color Pocket Standard Function Calculator for Girls Boys(Green)  4.2 out of 5 stars 2  $8.09$8.095% coupon applied at checkoutSave 5%  with coupon FREE delivery Feb 28 - Mar 20 Only 1 left in stock - order soon.","8","2","4.2 out of 5 stars"
"Keychain"," TOYANDONA 2pcs Mini Calculator Keychain Portable Cute Cartoon Calculator Electronic Pocket Calculator with Key Ring for Children Students School Supplies Key Decor (Black)  4.1 out of 5 stars 23  $10.89$10.8910% coupon applied at checkoutSave 10%  with coupon  FREE delivery Sun, Feb 11 on $35 of items shipped by AmazonOr fastest delivery Fri, Feb 9 Only 12 left in stock - order soon.","10","23","4.1 out of 5 stars"
"Keychain"," NUOBESTY Brain Toy 2pcs Mini Electronic Calculator Keychains, 8 Digits Flip Calculator with Key Ring Portable Calculator Hanging Pendant for Home School Office Kids Calculator  4.8 out of 5 stars 6  $7.69$7.69 Typical: $8.19$8.19 FREE delivery Sun, Feb 11 on $35 of items shipped by AmazonOr fastest delivery Fri, Feb 9 ","7","6","4.8 out of 5 stars"
"Keychain"," Cute Kitty Pocket Calculator, Mini Cartoon Electronic Basic Calculator Keychain, Kids Calculator for School Office Desktop(JSJ KLM)  $13.39$13.39 FREE delivery Wed, Feb 14 on $35 of items shipped by AmazonOnly 7 left in stock - order soon.","13","Only 7 left in stock - order soon.",""
"Keychain"," NUOBESTY 3pcs Mini Calculator Keychain Portable Pocket Electronic Calculator  4.3 out of 5 stars 7  $8.99$8.995% coupon applied at checkoutSave 5%  with coupon  FREE delivery Mon, Feb 12 on $35 of items shipped by Amazon","8","7","4.3 out of 5 stars"
"Keychain"," 3 Packs Mini Calculator Keychain Tiny Calculator Student Calculator for Student Kids School Home Office Desktop Accounting Tools, Creative Cartoon Small Calculator(Random Colors)  $8.99$8.99 FREE delivery Sun, Feb 11 on $35 of items shipped by AmazonOr fastest delivery Fri, Feb 9 Only 16 left in stock - order soon.","8","Only 16 left in stock - order soon.",""
"Keychain"," 3 Pack Mini Student Calculator, Creative Cartoon Keychain Calculator, Mini Colorful Calculator for Student Kids School Home Office Desktop Accounting Tools (Random Colors)  3.0 out of 5 stars 2  $8.99$8.99 FREE delivery Sun, Feb 11 on $35 of items shipped by AmazonOr fastest delivery Fri, Feb 9 ","8","2","3.0 out of 5 stars"
"Keychain"," 30 Pack Pocket Calculator,Mini Calculator Pocket Size,8 Digit Display Basic Calculator,Battery Powered Mini Calculators,4 Function Calculator for Students Kids Home Office,6 Colors  2.5 out of 5 stars 2  50+ bought in past month$21.39$21.39 List: $22.99$22.99 FREE delivery Mon, Feb 12 on $35 of items shipped by Amazon","21","2","2.5 out of 5 stars"
"Keychain"," Calculators Mini Pocket Basic Calculator Electronic Calculator with Bag Charm Keychain Creative Adorable Convenient Digital Desktop Calculator for Kids Students School Random Color  4.1 out of 5 stars 6  $0.22$0.22$1.99 delivery Feb 20 - Mar 4 Or fastest delivery Feb 12 - 15 ","0","6","4.1 out of 5 stars"
"Keychain"," Rechargeable Presentation Clicker with Red Laser Pointer, Wireless Presenter Remote for PPT Clicker, 2.4GHz Powerpoint Clicker Slide Advancer Presentation Remote for Mac/Computer/Laptop/Keynote  Usb4.1 out of 5 stars 12  $12.99$12.99 Typical: $15.99$15.9910% coupon applied at checkoutSave 10%  with coupon  FREE delivery Sun, Feb 11 on $35 of items shipped by AmazonOr fastest delivery Fri, Feb 9 ","12","Usb","4.1 out of 5 stars"
"Keychain"," 4pcs Telescopic Teachers Pointer, Pointer Sticks with Lanyard, Extendable Hand Pointer Finger Pointing Sticks, Retractable Whiteboard Pointer for Teachers Speakers Classroom Presentation  4.6 out of 5 stars 5  50+ bought in past month$8.99$8.99 FREE delivery Sun, Feb 11 on $35 of items shipped by AmazonOr fastest delivery Fri, Feb 9 ","8","5","4.6 out of 5 stars"
"Keychain"," STOBOK Children Toys 2Pcs Mini Calculator Keychain Cartoon Key Chain Cute Cartoon Calculator Electronic Pocket Calculator with Key Ring for Children Students School Supplies  $7.99$7.99 FREE delivery Tue, Feb 13 on $35 of items shipped by AmazonOnly 1 left in stock - order soon.","7","Only 1 left in stock - order soon.",""
"Keychain"," Smart Google Review Keychain for Instant Customer Feedback-Tap Tag Keychain- NFC Tap-to-Share Digital Contact Card, tap- Direct Google Review Link  $19.99$19.99 FREE delivery Tue, Feb 13 on $35 of items shipped by Amazon","19","",""
"Keychain"," Mini Calculator, Portable Cute Cookies Style Pocket Key Chain Calculator, Candy Color Digits Electronic Calculator with Silicone Buttons, 2 in 1 Calculator Key Chain  4.1 out of 5 stars 34  $7.99$7.995% coupon applied at checkoutSave 5%  with coupon  FREE delivery Mon, Feb 12 on $35 of items shipped by AmazonMore Buying Choices$7.19(3 used & new offers)","7","34","4.1 out of 5 stars"
"Keychain"," Pocket Calculator Cartoon Keychain Stationary Mini Calculator Green Keychain Calculator for Key Chains for Mini Keychain Keychains for Keychain for Biscuit Student Taste PVC  $7.89$7.89Save 5% at checkoutFREE delivery Feb 16 - 28 Price may vary by color","7","Price may vary by color",""
"Keychain"," TOYANDONA 2pcs Mini Calculator Keychain Portable Cute Cartoon Calculator Electronic Pocket Calculator with Key Ring for Children Students School Supplies Key Decor (Grey)  3.8 out of 5 stars 33  $11.29$11.29 FREE delivery Sun, Feb 11 on $35 of items shipped by AmazonOr fastest delivery Fri, Feb 9 ","11","33","3.8 out of 5 stars"
"Keychain"," Calculator Keychain Cat Shape Mini Portable Calculator Entertainment Maze Design Keychain Pink  $2.19$2.19$1 delivery Feb 20 - Mar 4 Or fastest delivery Feb 12 - 15 ","2","",""
"Keychain"," 3Pcs Keychain Calculator Mini Calculator Pocket Size Kawaii Cute Calculator with Key Ring Tiny Small Electronic Calculator for Home Office (Random Color)  $4.74$4.74 Typical: $6.71$6.71 FREE delivery Mon, Feb 12 on $35 of items shipped by AmazonOnly 9 left in stock - order soon.","4","Typical: ",""
"Pillow"," Hiipoo Sublimation Ink 522 Refilled Bottles Work with ET-2720 ET-2760 ET-2800 ET-15000 ET-2803 ET-2850 ET-3760 ET-4800 ET-4760 Inkjet Printer Heat Press Transfer on Mugs T-Shirts Pillows Phone Case  4.9 out of 5 stars 69  2K+ bought in past month$36.99$36.99 ($2.73$2.73/Fl Oz)$2.00 coupon applied at checkoutSave $2.00  with coupon  FREE delivery Sun, Feb 11 Or fastest delivery Fri, Feb 9 ","36.","Amazon's Choice: Overall Pick","4.9 out of 5 stars"
"Pillow"," A3+ DTF T-Shirts L1800 Printer Machine for Fabrics, Leather, Toys, Swimwear, Handicrafts, for DIY Print T-Shirts, Pillow, Other Textile.(DTF Printer + 6X 100ml Ink+100pcs PET Film)  $2,199.00$2,199.00 FREE delivery Mon, Feb 12 Only 1 left in stock - order soon.","2,199.","Only 1 left in stock - order soon.",""
"Pillow"," +2 colors/patternsII Antibacterial Phone Shoulder Rest, Landline Office Telephone Accessory with Nonslip Ergo-Grip Cushion and Self-Adhesive Tape Attachment, Charcoal  4.4 out of 5 stars 244  50+ bought in past month$16.18$16.18FREE delivery Feb 8 - 9 Small Business  Small BusinessShop products from small business brands sold in Amazon’s store. Discover more about the small businesses partnering with Amazon and Amazon’s commitment to empowering them. Learn more More Buying Choices$12.85(33 new offers)Price may vary by color","16.","244","4.4 out of 5 stars"
"Pillow"," DTF Printer A3 L1800 Transfer Machine Built-in White Ink Circulation System for Dark/Light T-Shirts, Hoodie,Pillow,Different Fabrics (DTF +Oven+5 x 250ml Ink+100 Sheets PET Film)  4.1 out of 5 stars 88  $2,699.00$2,699.00$500.00 coupon applied at checkoutSave $500.00  with coupon $299 delivery Feb 21 - 28 Or fastest delivery Feb 13 - 16 ","2,699.","88","4.1 out of 5 stars"
"Pillow"," Replacement Accessories Compatible with P10 Series Come with 3 Size Pad  5.0 out of 5 stars 1  $69.99$69.99 FREE delivery Sun, Feb 11 Or fastest delivery Fri, Feb 9 ","69.","1","5.0 out of 5 stars"
"Pillow"," Hiipoo 500ML Sublimation Ink Refill for ET2400 ET-2720 ET-2760 ET-2800 ET-2803 ET-2850 ET-4800 ET-15000 ET-3760 Inkjet Printer Heat Press Transfer on Mugs T-Shirts Pillows (Upgrade Version)  4.7 out of 5 stars 804  900+ bought in past month$26.98$26.98 ($1.60$1.60/Fl Oz)$25.63 with Subscribe & Save discountJoin Prime to buy this item at $22.98 FREE delivery Mon, Feb 12 on $35 of items shipped by AmazonPrice may vary by color","26.","804","4.7 out of 5 stars"
"Pillow"," Hiipoo 580ML Sublimation Ink Refilled Bottlescompatible for ET2400 ET2720 ET2760 ET2750 ET4800 ET-2800 ET-2803 ET-2850 Inkjet Printers Heat Press Transfer on Mugs T-Shirts  4.9 out of 5 stars 80  2K+ bought in past monthLimited time deal   $33.98$33.98 ($1.73$1.73/Fl Oz) List: $39.99$39.99$5.00 coupon applied at checkoutSave $5.00  with coupon  FREE delivery Mon, Feb 12 on $35 of items shipped by AmazonMore Buying Choices$32.28(2 used & new offers)","33.","80","4.9 out of 5 stars"
"Pillow"," PUNEHOD DTF Printer A3 L1800 DTF Printer Bundle with Roll Transfer Printer for DIY T-Shirts Direct to Film Printer DTF L1800 Printer for T-Shirts,Cotton Hoodie,Pillow  5.0 out of 5 stars 2  $3,199.00$3,199.00$500.00 coupon applied at checkoutSave $500.00  with coupon $288 delivery Feb 14 - 20 ","3,199.","2","5.0 out of 5 stars"
"Pillow"," Hiipoo Sublimation Ink Refilled Bottles Compatible for ET2400 ET2720 ET2760 ET2750 ET4800 ET-2800 ET-2803 ET-2850 Inkjet Printers Heat Press Transfer on Mugs T-Shirts  4.9 out of 5 stars 180  5K+ bought in past month$32.99$32.99 ($2.90$2.90/Fl Oz)Join Prime to buy this item at $24.49 FREE delivery Mon, Feb 12 on $35 of items shipped by AmazonPrice may vary by color","32.","180","4.9 out of 5 stars"
"Pillow"," Jabra GN2110 Mono Corded Headset  3.5 out of 5 stars 40  $59.99$59.99 FREE delivery Mon, Feb 12 Only 3 left in stock - order soon.","59.","40","3.5 out of 5 stars"
"Pillow"," DTF Printer A3 L1800 Transfer Machine Built-in White Ink Circulation System for Dark/Light T-Shirts, Hoodie,Pillow,Different Fabrics (Printer +Oven+5 x 250ml Ink+100 Sheets PET Film)  $2,699.00$2,699.00FREE delivery Mar 5 - 12 ","2,699.","",""
"Pillow"," PUNEHOD A3+ DTF Printer L1800 Transfer Printer for Fabrics, Leather, Toys, Swimwear, Handicrafts, T Shirt, Pillow, Other Textile(Printer+Oven)  3.9 out of 5 stars 36  $3,199.00$3,199.00$500.00 coupon applied at checkoutSave $500.00  with coupon $288 delivery Feb 23 - 28 ","3,199.","36","3.9 out of 5 stars"
"Pillow"," Printers Jack 600ml Sublimation Ink Press Heat Transfer Ink for Artisan 1430 Stylus Photo 1400 T50 L800 L805 837 730 835 810 Printers Artisan 1410 1500W RX560 RX580 on Mug Cup T-Shirt Pillow  4.5 out of 5 stars 278  $33.99$33.99$32.29 with Subscribe & Save discount FREE delivery Tue, Feb 13 on $35 of items shipped by Amazon","33.","278","4.5 out of 5 stars"
"Pillow"," A3 DTF Printer with Roll Feeder, L1800 Transfer Printer for Fabrics, Leather, Handicrafts, T-Shirt, Pillow, Other Textile (T1-L1800 Printer)  $3,299.00$3,299.00$298 delivery Mar 6 - 13 Or fastest delivery Feb 27 - Mar 1 ","3,299.","",""
"Pillow"," Hiipoo Sublimation Ink Refill for C88 C88+ WF7710 WF7820 ET2720 ET15000 ET2760 ET2750 ET4700 ET-2800 ET-2803 ET-2850 Inkjet Printers Heat Press Transfer on Mugs Bag T-Shirts Pillows Phone Case (4BK)  4.7 out of 5 stars 3,599  50+ bought in past month$21.99$21.99Save more with Subscribe & SaveJoin Prime to buy this item at $17.09 FREE delivery Mon, Feb 12 on $35 of items shipped by AmazonPrice may vary by color","21.","3,599","4.7 out of 5 stars"
"Pillow"," DTF Transfer Printer A4 L805 T-Shirt Printer Direct to Film Print-preheating Printer for Fabrics, Leather, Pillow, Other Textile(DTF Printer+Oven)  $1,839.00$1,839.00$259 delivery Feb 26 - Mar 4 Or fastest delivery Feb 15 - 21 ","1,839.","",""
"Pillow"," Hiipoo 2000ml Sublimation Ink Refilled Bottles Work with WF7710 ET2760 ET2720 ET2803 ET2800 ET15000 C88 C88+ Inkjet Printers Heat Press Transfer on Mugs Plates T-Shirts Pillows Phone Case  4.8 out of 5 stars 232  100+ bought in past month$59.99$59.99 ($0.89$0.89/Fl Oz)Save more with Subscribe & Save FREE delivery Mon, Feb 12 ","59.","232","4.8 out of 5 stars"
"Pillow"," DTF Printer A3 L1800 Transfer Printer Machine Built-in White Ink Circulation System for t-Shirt/Bag/Pillow etc. (+ 600ml Ink+100pcs PET Film+1bag+Powder) Set  $2,799.00$2,799.00 FREE delivery Tue, Feb 13 Only 1 left in stock - order soon.Small Business  Small BusinessShop products from small business brands sold in Amazon’s store. Discover more about the small businesses partnering with Amazon and Amazon’s commitment to empowering them. Learn more ","2,799.","Only 1 left in stock - order soon.",""
"Pillow"," Sublimation Ink for Epson Ecotank Supertank Inkjet Printer ET-2400 ET-2720 ET-2760 ET-2850 ET-2830 ET-3760 ET-4700 ET-4800 ET-7720 ET-15000 Transfer on T-Shirt, Mug, Phone case, Pillows etc  4.6 out of 5 stars 7  $20.99$20.99 List: $22.99$22.99$2.00 coupon applied at checkoutSave $2.00  with coupon  FREE delivery Sun, Feb 11 on $35 of items shipped by AmazonOr fastest delivery Fri, Feb 9 Price may vary by color","20.","7","4.6 out of 5 stars"
"Pillow"," Hiipoo Sublimation Ink Refilled Bottles Work with WF7710 ET2760 ET2720 ET2803 ET2800 ET15000 C88 C88+ Inkjet Printer Heat Press Transfer on Mugs Plates T-Shirts Pillows Phone Case(4 Black)  4.7 out of 5 stars 7,075  50+ bought in past month$22.99$22.99Save more with Subscribe & Save FREE delivery Sun, Feb 11 on $35 of items shipped by AmazonOr fastest delivery Fri, Feb 9 Also available in BCMY","22.","7,075","4.7 out of 5 stars"
"Pillow"," A3+ L1800 DTF Printer Direct to Film Printer w/Roller Transfer Printer Machine Built-in Timing White Ink Circulation System for t-Shirt USfor t-Shirt/Bag/Pillow (+ 600ml Ink+100pcs PET Film+Powder)  $2,899.00$2,899.00FREE delivery Feb 15 - 22 Only 5 left in stock - order soon.","2,899.","Only 5 left in stock - order soon.",""
"Pillow"," A3+ DTF Transfer Printer with Roll Feeder, XP600 DTF Printer Machine for Fabric, T-Shirt, Pillow, Leather, Dark and Light Clothing(DTF Printer+Oven+5X 250ml Ink+PET Roll)  $3,199.00$3,199.00$298 delivery Mar 6 - 13 Or fastest delivery Feb 27 - Mar 1 ","3,199.","",""
"Pillow"," DTF Ink 600ML - Upgraded 3.0-5.0 cP Viscosity DTF Transfer Ink for DTF Film, Refilled Ink for Epson ET-8550 XP-15000 L1800 L805 R1390 R2400 1430 DTF Printers, Heat Transfer Printing Ink Set  5.0 out of 5 stars 4  $42.99$42.99$38.69 with Subscribe & Save discount$15.00 coupon applied at checkoutSave $15.00  with coupon  FREE delivery Sun, Feb 11 Or fastest delivery Fri, Feb 9 ","42.","4","5.0 out of 5 stars"
"Pillow"," Upgraded DTF Ink - 700ML Auto-Fill DTF Transfer Ink for DTF Film, Refill Ink for Epson ET-8550 ET-8500 Printers, Heat Transfer Printing Ink Set 100ml x 4 CMYK, 150 x 2 Wh (Anti-UV/ICC-Free)  4.6 out of 5 stars 19  200+ bought in past month$69.99$69.99 ($20.71$20.71/Fl Oz)$62.99 with Subscribe & Save discount$20.00 coupon applied at checkoutSave $20.00  with coupon  FREE delivery Mon, Feb 12 ","69.","19","4.6 out of 5 stars"
"Flower Vase"," NOLITOY 2pcs Flowerpot Ceramic Pottery Planter Paint Your Ceramic Planter Face Flower Pot Ceramic Vases for Flowers Colored Drawing Flower Pot Desktop Child White Ceramics Flower Container  $14.07$14.07FREE delivery Feb 16 - 28 ","14","",NA
"Flower Vase"," STOBOK 2pcs Flowerpot Desktop Flower Pot Head Statue Flower Pot Vase Do It Yourself Art Projects Kids Painting Flower Pot Small Mini Clay Pots Parent-Child Plant Ceramics Decorate White  $13.49$13.496% coupon applied at checkoutSave 6%  with coupon FREE delivery Feb 29 - Mar 12 ","13","Save 6%",NA
"Flower Vase"," +1 color/patternWicker Basket Ribbon Bows Basket for Storage Chic Basket Natural Basket Wedding Basket Wicker Storage Basket Woven Flower Basket Tote Picnic Basket Woven Rattan Basket Bouquet Vase  $12.49$12.49Save 5% at checkoutFREE delivery Feb 16 - 28 Or fastest delivery Feb 12 - 14 Price may vary by color","12","Price may vary by color",NA
"Flower Vase"," Lead Style HTGL-18GY Mini Flower Base 18, Gray, Diameter 1.7 x Height 4.9 inches (4.4 x 12.5 cm)  Options:5 sizes$11.80$11.80","11","",NA
"Flower Vase"," +1 color/patternVoices Translation Machine Real Time Language Interpreter Voices Translation Machine Translator White G5 Translate Intelligent Intelligent Voices Translation Machine  $55.59$55.598% coupon applied at checkoutSave 8%  with coupon FREE delivery Feb 16 - 29 Or fastest delivery Feb 12 - 15 Price may vary by color","55","Save 8%",NA
"Flower Vase"," Lead Style HTGL-19CL Mini Flower Base 19, Clear, Diameter 3.1 x Height 3.9 inches (8 x 10 cm)  Options:3 sizes$11.87$11.87","11","",NA
"Flower Vase"," 038969-CN Bases, Set of 2, 3.5 inches (9 cm)  $86.18$86.18FREE international delivery","86","",NA
"Flower Vase"," +12Leonardo 049794-CN Casolare Bases, Set of 2, 9.4 inches (24 cm), Brown  Options:30 sizes$195.91$195.91FREE international delivery","195","",NA
"Flower Vase"," Two Wheels Knurled Voices Translation Machine Set Intelligent Voices Translation Machine Steel Tool kit Translator Wireless Translator Suite translate  $30.09$30.09Save 3% at checkoutFREE delivery Feb 16 - 29 Or fastest delivery Feb 12 - 15 ","30","",NA
"Flower Vase"," +1 color/patternEXCEART Voices Translation Machine Wireless Translator Real Time Language Interpreter Steel Suite  $30.19$30.19FREE delivery Feb 20 - Mar 4 Or fastest delivery Feb 12 - 15 Price may vary by color","30","Price may vary by color",NA
"Flower Vase"," D1600 Bluetooth Label Maker (Comes with 4 Color Label Tapes) Bundle with 6-Pack 3D21 Black on White Tape, 12mm (1/2 Inch), Compatible D1600 Label Maker  $59.75$59.75 List: $77.98$77.98FREE delivery","59","List: ",NA
